{"epoch": 0, "loss": 0.50063, "lr": 0.001, "params": 3841, "time_iter": 0.02098, "mae": 0.4288, "mape": 78735298527232.0, "mse": 0.50063, "rmse": 0.70755, "eta": 305.25113}
{"epoch": 1, "loss": 0.32849, "lr": 0.001, "params": 3841, "time_iter": 0.01982, "mae": 0.31522, "mape": 51555294248960.0, "mse": 0.32849, "rmse": 0.57314, "eta": 290.81517}
{"epoch": 2, "loss": 0.29062, "lr": 0.001, "params": 3841, "time_iter": 0.02227, "mae": 0.29157, "mape": 50007990337536.0, "mse": 0.29062, "rmse": 0.53909, "eta": 293.4693}
{"epoch": 3, "loss": 0.27462, "lr": 0.001, "params": 3841, "time_iter": 0.01945, "mae": 0.28616, "mape": 50349020807168.0, "mse": 0.27462, "rmse": 0.52404, "eta": 281.85263}
{"epoch": 4, "loss": 0.2702, "lr": 0.001, "params": 3841, "time_iter": 0.02122, "mae": 0.28567, "mape": 53941341519872.0, "mse": 0.2702, "rmse": 0.5198, "eta": 277.30509}
{"epoch": 5, "loss": 0.25992, "lr": 0.001, "params": 3841, "time_iter": 0.01935, "mae": 0.281, "mape": 56183238950912.0, "mse": 0.25992, "rmse": 0.50982, "eta": 268.08979}
{"epoch": 6, "loss": 0.25129, "lr": 0.001, "params": 3841, "time_iter": 0.01968, "mae": 0.276, "mape": 57534488510464.0, "mse": 0.25129, "rmse": 0.50129, "eta": 260.47725}
{"epoch": 7, "loss": 0.25207, "lr": 0.001, "params": 3841, "time_iter": 0.01957, "mae": 0.27648, "mape": 57429169537024.0, "mse": 0.25207, "rmse": 0.50207, "eta": 253.13379}
{"epoch": 8, "loss": 0.2514, "lr": 0.001, "params": 3841, "time_iter": 0.01968, "mae": 0.27504, "mape": 57346470445056.0, "mse": 0.2514, "rmse": 0.5014, "eta": 246.28299}
{"epoch": 9, "loss": 0.25623, "lr": 0.001, "params": 3841, "time_iter": 0.01913, "mae": 0.27607, "mape": 56586454171648.0, "mse": 0.25623, "rmse": 0.5062, "eta": 238.97345}
{"epoch": 10, "loss": 0.25138, "lr": 0.001, "params": 3841, "time_iter": 0.01899, "mae": 0.27121, "mape": 56655354003456.0, "mse": 0.25138, "rmse": 0.50137, "eta": 231.81873}
{"epoch": 11, "loss": 0.25405, "lr": 0.001, "params": 3841, "time_iter": 0.01905, "mae": 0.27238, "mape": 56476064284672.0, "mse": 0.25405, "rmse": 0.50404, "eta": 224.96873}
{"epoch": 12, "loss": 0.25029, "lr": 0.001, "params": 3841, "time_iter": 0.01897, "mae": 0.27015, "mape": 55934965514240.0, "mse": 0.25029, "rmse": 0.50029, "eta": 218.23341}
{"epoch": 13, "loss": 0.25252, "lr": 0.001, "params": 3841, "time_iter": 0.01999, "mae": 0.27144, "mape": 55392000278528.0, "mse": 0.25252, "rmse": 0.50251, "eta": 212.43176}
{"epoch": 14, "loss": 0.25523, "lr": 0.001, "params": 3841, "time_iter": 0.01985, "mae": 0.27214, "mape": 54887324844032.0, "mse": 0.25523, "rmse": 0.5052, "eta": 206.51613}
{"epoch": 15, "loss": 0.25538, "lr": 0.001, "params": 3841, "time_iter": 0.01964, "mae": 0.27259, "mape": 55591464599552.0, "mse": 0.25538, "rmse": 0.50535, "eta": 200.47311}
{"epoch": 16, "loss": 0.25311, "lr": 0.001, "params": 3841, "time_iter": 0.01939, "mae": 0.27189, "mape": 56325195169792.0, "mse": 0.25311, "rmse": 0.5031, "eta": 194.30814}
{"epoch": 17, "loss": 0.25356, "lr": 0.001, "params": 3841, "time_iter": 0.02039, "mae": 0.27186, "mape": 54136447959040.0, "mse": 0.25356, "rmse": 0.50354, "eta": 188.71799}
{"epoch": 18, "loss": 0.25791, "lr": 0.001, "params": 3841, "time_iter": 0.01795, "mae": 0.27362, "mape": 54158619049984.0, "mse": 0.25791, "rmse": 0.50785, "eta": 8.70029}
{"epoch": 19, "loss": 0.25673, "lr": 0.001, "params": 3841, "time_iter": 0.01843, "mae": 0.27381, "mape": 53922186133504.0, "mse": 0.25673, "rmse": 0.50669, "eta": 16.20736}
{"epoch": 20, "loss": 0.24939, "lr": 0.001, "params": 3841, "time_iter": 0.02239, "mae": 0.27242, "mape": 54764175884288.0, "mse": 0.24939, "rmse": 0.49939, "eta": 24.10227}
{"epoch": 21, "loss": 0.25939, "lr": 0.001, "params": 3841, "time_iter": 0.0185, "mae": 0.27381, "mape": 54505072754688.0, "mse": 0.25939, "rmse": 0.5093, "eta": 29.20805}
{"epoch": 22, "loss": 0.25743, "lr": 0.001, "params": 3841, "time_iter": 0.01825, "mae": 0.27381, "mape": 54469433753600.0, "mse": 0.25743, "rmse": 0.50738, "eta": 33.30185}
{"epoch": 23, "loss": 0.25371, "lr": 0.001, "params": 3841, "time_iter": 0.01797, "mae": 0.27381, "mape": 53964577964032.0, "mse": 0.25371, "rmse": 0.50369, "eta": 36.51266}
{"epoch": 24, "loss": 0.257, "lr": 0.001, "params": 3841, "time_iter": 0.01793, "mae": 0.2758, "mape": 53587547783168.0, "mse": 0.257, "rmse": 0.50695, "eta": 39.03062}
{"epoch": 25, "loss": 0.25045, "lr": 0.001, "params": 3841, "time_iter": 0.01847, "mae": 0.2732, "mape": 53736294580224.0, "mse": 0.25045, "rmse": 0.50045, "eta": 41.09111}
{"epoch": 26, "loss": 0.24977, "lr": 0.001, "params": 3841, "time_iter": 0.01803, "mae": 0.2713, "mape": 54687009079296.0, "mse": 0.24977, "rmse": 0.49977, "eta": 42.48117}
{"epoch": 27, "loss": 0.24277, "lr": 0.001, "params": 3841, "time_iter": 0.019, "mae": 0.26762, "mape": 54751181930496.0, "mse": 0.24277, "rmse": 0.49272, "eta": 43.61655}
{"epoch": 28, "loss": 0.24496, "lr": 0.001, "params": 3841, "time_iter": 0.01918, "mae": 0.26817, "mape": 54857834692608.0, "mse": 0.24496, "rmse": 0.49493, "eta": 44.32264}
{"epoch": 29, "loss": 0.24733, "lr": 0.001, "params": 3841, "time_iter": 0.01845, "mae": 0.27089, "mape": 54777543131136.0, "mse": 0.24733, "rmse": 0.49732, "eta": 44.45766}
{"epoch": 30, "loss": 0.25385, "lr": 0.001, "params": 3841, "time_iter": 0.02044, "mae": 0.27576, "mape": 55125519368192.0, "mse": 0.25385, "rmse": 0.50384, "eta": 44.59257}
{"epoch": 31, "loss": 0.26119, "lr": 0.001, "params": 3841, "time_iter": 0.01862, "mae": 0.27905, "mape": 54902701162496.0, "mse": 0.26119, "rmse": 0.51106, "eta": 44.03615}
{"epoch": 32, "loss": 0.27212, "lr": 0.001, "params": 3841, "time_iter": 0.01855, "mae": 0.28399, "mape": 53661837295616.0, "mse": 0.27212, "rmse": 0.52165, "eta": 43.16704}
{"epoch": 33, "loss": 0.26362, "lr": 0.001, "params": 3841, "time_iter": 0.01805, "mae": 0.28046, "mape": 55364024270848.0, "mse": 0.26362, "rmse": 0.51344, "eta": 41.9558}
{"epoch": 34, "loss": 0.25852, "lr": 0.001, "params": 3841, "time_iter": 0.01852, "mae": 0.27885, "mape": 55458211561472.0, "mse": 0.25852, "rmse": 0.50845, "eta": 40.56652}
