{"epoch": 0, "loss": 0.48368, "lr": 0, "params": 3841, "time_iter": 0.01441, "mae": 0.39999, "mape": 42274239021056.0, "mse": 0.48368, "rmse": 0.69547}
{"epoch": 1, "loss": 0.50294, "lr": 0, "params": 3841, "time_iter": 0.01675, "mae": 0.38437, "mape": 33203247120384.0, "mse": 0.50294, "rmse": 0.70918}
{"epoch": 2, "loss": 0.3973, "lr": 0, "params": 3841, "time_iter": 0.01349, "mae": 0.34276, "mape": 30286532313088.0, "mse": 0.3973, "rmse": 0.63032}
{"epoch": 3, "loss": 0.39604, "lr": 0, "params": 3841, "time_iter": 0.01386, "mae": 0.34037, "mape": 26986198073344.0, "mse": 0.39604, "rmse": 0.62931}
{"epoch": 4, "loss": 0.37526, "lr": 0, "params": 3841, "time_iter": 0.01338, "mae": 0.3186, "mape": 20279818452992.0, "mse": 0.37526, "rmse": 0.61258}
{"epoch": 5, "loss": 0.38854, "lr": 0, "params": 3841, "time_iter": 0.01345, "mae": 0.32781, "mape": 22931841220608.0, "mse": 0.38854, "rmse": 0.62333}
{"epoch": 6, "loss": 0.38477, "lr": 0, "params": 3841, "time_iter": 0.0135, "mae": 0.32609, "mape": 18415106392064.0, "mse": 0.38477, "rmse": 0.6203}
{"epoch": 7, "loss": 0.36509, "lr": 0, "params": 3841, "time_iter": 0.01358, "mae": 0.31658, "mape": 15622449659904.0, "mse": 0.36509, "rmse": 0.60423}
{"epoch": 8, "loss": 0.40948, "lr": 0, "params": 3841, "time_iter": 0.01351, "mae": 0.33891, "mape": 13464944771072.0, "mse": 0.40948, "rmse": 0.63991}
{"epoch": 9, "loss": 0.37778, "lr": 0, "params": 3841, "time_iter": 0.01358, "mae": 0.31573, "mape": 16565876555776.0, "mse": 0.37778, "rmse": 0.61463}
{"epoch": 10, "loss": 0.37056, "lr": 0, "params": 3841, "time_iter": 0.01376, "mae": 0.30764, "mape": 17501545037824.0, "mse": 0.37056, "rmse": 0.60873}
{"epoch": 11, "loss": 0.36634, "lr": 0, "params": 3841, "time_iter": 0.01337, "mae": 0.30994, "mape": 15984881565696.0, "mse": 0.36634, "rmse": 0.60526}
{"epoch": 12, "loss": 0.3702, "lr": 0, "params": 3841, "time_iter": 0.01331, "mae": 0.31428, "mape": 12571464695808.0, "mse": 0.3702, "rmse": 0.60844}
{"epoch": 13, "loss": 0.40834, "lr": 0, "params": 3841, "time_iter": 0.01378, "mae": 0.33624, "mape": 12549247467520.0, "mse": 0.40834, "rmse": 0.63901}
{"epoch": 14, "loss": 0.39093, "lr": 0, "params": 3841, "time_iter": 0.01424, "mae": 0.3183, "mape": 14278592561152.0, "mse": 0.39093, "rmse": 0.62525}
{"epoch": 15, "loss": 0.41113, "lr": 0, "params": 3841, "time_iter": 0.01374, "mae": 0.33643, "mape": 14333397434368.0, "mse": 0.41113, "rmse": 0.64119}
{"epoch": 16, "loss": 0.38586, "lr": 0, "params": 3841, "time_iter": 0.01378, "mae": 0.33361, "mape": 17120173752320.0, "mse": 0.38586, "rmse": 0.62118}
{"epoch": 17, "loss": 0.39569, "lr": 0, "params": 3841, "time_iter": 0.014, "mae": 0.33411, "mape": 20544548241408.0, "mse": 0.39569, "rmse": 0.62904}
{"epoch": 18, "loss": 169.49067, "lr": 0, "params": 3841, "time_iter": 0.0127, "mae": 2.19558, "mape": 81528478498816.0, "mse": 169.49071, "rmse": 13.01886}
{"epoch": 19, "loss": 0.3698, "lr": 0, "params": 3841, "time_iter": 0.0128, "mae": 0.31708, "mape": 14200120279040.0, "mse": 0.3698, "rmse": 0.60811}
{"epoch": 20, "loss": 0.38391, "lr": 0, "params": 3841, "time_iter": 0.01534, "mae": 0.32378, "mape": 23949549240320.0, "mse": 0.38391, "rmse": 0.61961}
{"epoch": 21, "loss": 0.42036, "lr": 0, "params": 3841, "time_iter": 0.01224, "mae": 0.33166, "mape": 17569969864704.0, "mse": 0.42036, "rmse": 0.64835}
{"epoch": 22, "loss": 0.37521, "lr": 0, "params": 3841, "time_iter": 0.01243, "mae": 0.32249, "mape": 13454162264064.0, "mse": 0.37521, "rmse": 0.61255}
{"epoch": 23, "loss": 0.38016, "lr": 0, "params": 3841, "time_iter": 0.0122, "mae": 0.31644, "mape": 23330314780672.0, "mse": 0.38016, "rmse": 0.61657}
{"epoch": 24, "loss": 0.41261, "lr": 0, "params": 3841, "time_iter": 0.01246, "mae": 0.34441, "mape": 24270365261824.0, "mse": 0.41261, "rmse": 0.64235}
{"epoch": 25, "loss": 0.41271, "lr": 0, "params": 3841, "time_iter": 0.01229, "mae": 0.32671, "mape": 14296372215808.0, "mse": 0.41271, "rmse": 0.64242}
{"epoch": 26, "loss": 0.38637, "lr": 0, "params": 3841, "time_iter": 0.01239, "mae": 0.3248, "mape": 17145202212864.0, "mse": 0.38637, "rmse": 0.62159}
{"epoch": 27, "loss": 0.34571, "lr": 0, "params": 3841, "time_iter": 0.01238, "mae": 0.31415, "mape": 19254252404736.0, "mse": 0.34571, "rmse": 0.58797}
{"epoch": 28, "loss": 0.36862, "lr": 0, "params": 3841, "time_iter": 0.01251, "mae": 0.3258, "mape": 18488953405440.0, "mse": 0.36862, "rmse": 0.60714}
{"epoch": 29, "loss": 0.36468, "lr": 0, "params": 3841, "time_iter": 0.01218, "mae": 0.31957, "mape": 15610513719296.0, "mse": 0.36468, "rmse": 0.60389}
{"epoch": 30, "loss": 0.4035, "lr": 0, "params": 3841, "time_iter": 0.01652, "mae": 0.33717, "mape": 19609145049088.0, "mse": 0.4035, "rmse": 0.63522}
{"epoch": 31, "loss": 0.41544, "lr": 0, "params": 3841, "time_iter": 0.01223, "mae": 0.33767, "mape": 13110307979264.0, "mse": 0.41544, "rmse": 0.64455}
{"epoch": 32, "loss": 0.41989, "lr": 0, "params": 3841, "time_iter": 0.01227, "mae": 0.35236, "mape": 26324093632512.0, "mse": 0.41989, "rmse": 0.64799}
{"epoch": 33, "loss": 0.45506, "lr": 0, "params": 3841, "time_iter": 0.01255, "mae": 0.36295, "mape": 11170397290496.0, "mse": 0.45506, "rmse": 0.67458}
{"epoch": 34, "loss": 0.37524, "lr": 0, "params": 3841, "time_iter": 0.01223, "mae": 0.33223, "mape": 20515597058048.0, "mse": 0.37524, "rmse": 0.61257}
